t, velocity, pressure, k, epsilon
 0.0000000e+00,  0.0000000e+00,  0.0000000e+00,  0.0000000e+00,  0.0000000e+00
