t, velocity, pressure, rij, epsilon
 7.0000000e+00,  1.0000000e+03,  1.0000000e+03,  9.9780189e+02,  9.9999960e+02
